{
  "project_info": {
    "project_number": "52920195842",
    "firebase_url": "https://hmsfirebaseproject-25aa0.firebaseio.com",
    "project_id": "hmsfirebaseproject-25aa0",
    "storage_bucket": "hmsfirebaseproject-25aa0.appspot.com"
  },
  "client": [
    {
      "client_info": {
        "mobilesdk_app_id": "1:52920195842:android:89b6ba0200492e1d",
        "android_client_info": {
          "package_name": "com.hms"
        }
      },
      "oauth_client": [
        {
          "client_id": "52920195842-ejpab318um7bp1g14vvmvo7b8u6c8jvf.apps.googleusercontent.com",
          "client_type": 1,
          "android_info": {
            "package_name": "com.hms",
            "certificate_hash": "aebd49d3cf46a62ae083ca4eed0e7dc824aba2e3"
          }
        },
        {
          "client_id": "52920195842-4orphm2vcmt5g7e6ofad8r91itnn0ovs.apps.googleusercontent.com",
          "client_type": 3
        }
      ],
      "api_key": [
        {
          "current_key": "AIzaSyBHRH7dpt3JSBGACE72vtjY8TsJJ3fDwBE"
        }
      ],
      "services": {
        "analytics_service": {
          "status": 1
        },
        "appinvite_service": {
          "status": 2,
          "other_platform_oauth_client": [
            {
              "client_id": "52920195842-4orphm2vcmt5g7e6ofad8r91itnn0ovs.apps.googleusercontent.com",
              "client_type": 3
            }
          ]
        },
        "ads_service": {
          "status": 2
        }
      }
    }
  ],
  "configuration_version": "1"
}