<?xml version="1.0" encoding="UTF-8"?>
<project-private xmlns="http://www.netbeans.org/ns/project-private/1">
    <editor-bookmarks xmlns="http://www.netbeans.org/ns/editor-bookmarks/2" lastBookmarkId="0"/>
    <open-files xmlns="http://www.netbeans.org/ns/projectui-open-files/2">
        <group>
            <file>file:/C:/Users/Rahul/Desktop/Doctor's%20Appointment%20Booking%20System/src/java/com/gniit/Clinico/DAO/DoctorDAO.java</file>
            <file>file:/C:/Users/Rahul/Desktop/Doctor's%20Appointment%20Booking%20System/src/java/com/gniit/Clinico/DAOimpl/DoctorDAOImpl.java</file>
            <file>file:/C:/Users/Rahul/Desktop/Doctor's%20Appointment%20Booking%20System/src/java/controllers/signup.java</file>
            <file>file:/C:/Users/Rahul/Desktop/Doctor's%20Appointment%20Booking%20System/src/java/com/gniit/Clinico/Entity/Doctor.java</file>
            <file>file:/C:/Users/Rahul/Desktop/Doctor's%20Appointment%20Booking%20System/web/doctorsignUp.jsp</file>
            <file>file:/C:/Users/Rahul/Desktop/Doctor's%20Appointment%20Booking%20System/web/header.jsp</file>
            <file>file:/C:/Users/Rahul/Desktop/Doctor's%20Appointment%20Booking%20System/web/footer.jsp</file>
            <file>file:/C:/Users/Rahul/Desktop/Doctor's%20Appointment%20Booking%20System/web/home.jsp</file>
        </group>
    </open-files>
</project-private>
